{
    "top1_accuracy": 0.14285714285714285,
    "top3_accuracy": 0.14285714285714285
}