{
    "top1_accuracy": 0.16666666666666666,
    "top3_accuracy": 0.16666666666666666
}