{
    "top1_accuracy": 0.2857142857142857,
    "top3_accuracy": 0.2857142857142857
}