{
    "top1_accuracy": 0.3333333333333333,
    "top3_accuracy": 0.3333333333333333
}